date,open,high,low,close,volume
2024-01-17,17.02,17.3,16.91,17.15,251500
2024-01-18,17,17.1,16.95,17.01,186000
2024-01-19,17.15,17.75,15.73,15.73,2411000
2024-01-22,15,16,14.72,15.2,1445000
2024-01-23,15.25,15.68,15,15.24,945500
2024-01-24,15.25,15.25,14.75,14.84,747500
2024-01-25,14.99,15,14.46,14.64,366500
2024-01-26,14.69,14.7,14.44,14.49,58000
2024-01-29,14.27,14.5,14.1,14.1,155000
2024-01-30,14.16,14.26,13.76,13.83,101500
2024-01-31,13.9,14.1,13.51,13.71,274500
2024-02-01,13.79,13.8,13.5,13.54,116000
2024-02-02,13.54,13.65,13.3,13.38,148000
2024-02-06,13.55,13.6,13.2,13.5,336000
2024-02-07,13.41,13.89,13.41,13.81,68000
2024-02-09,13.35,13.89,13.35,13.7,46500
2024-02-12,13.42,14,13.3,13.65,164000
2024-02-13,13.5,13.99,13.2,13.88,357500
2024-02-14,13.9,14.92,13.9,14.91,948000
2024-02-15,14.7,15.7,14.6,15.45,1425000
2024-02-16,15.1,15.6,14.5,15.15,1032000
2024-02-19,14.84,14.84,14.4,14.58,550000
2024-02-20,14.32,14.64,14.32,14.5,92000
2024-02-21,14.7,15.1,14.36,14.57,151000
2024-02-22,14.41,14.6,14.01,14.5,92500
2024-02-23,14.4,14.59,14.4,14.49,76000
2024-02-26,14.44,15.1,14.3,14.42,363500
2024-02-27,14.32,14.78,14.01,14.4,139000
2024-02-28,14.6,14.6,14.31,14.31,787000
2024-02-29,14.7,14.7,14.2,14.23,146000
2024-03-01,14.3,14.41,13.5,13.67,1002500
2024-03-04,13.7,13.9,13.5,13.78,838500
2024-03-05,13.82,14.5,13.82,14.18,2805500
2024-03-06,12.49,12.95,12.25,12.64,982000
2024-03-07,12.83,12.83,12.4,12.59,339500
2024-03-08,12.6,12.88,12.43,12.72,157000
2024-03-11,12.7,12.84,12.01,12.17,1156000
2024-03-12,12.3,12.34,11.9,11.98,476500
2024-03-13,12,12.44,12,12.11,268000
2024-03-14,12.45,12.45,12.11,12.34,42000
2024-03-15,12.43,12.43,11.87,11.91,650500
2024-03-18,11.85,12.16,11.81,11.91,151000
2024-03-19,11.83,12.24,11.83,12.11,380000
2024-03-20,12.2,12.39,12.15,12.19,258000
2024-03-21,12.3,12.45,12.15,12.18,150500
2024-03-22,12.1,12.25,11.98,12.15,397500
2024-03-25,12.25,12.4,11.81,11.9,456500
2024-03-26,11.9,11.9,11.5,11.67,453500
2024-03-27,11.55,11.64,11.4,11.47,540500
2024-03-28,11.55,11.98,11.53,11.62,455500
2024-03-29,11.66,11.7,11.38,11.5,93500
2024-04-01,11.74,11.8,11.5,11.74,157000
2024-04-02,11.81,12.19,11.61,12.13,810500
2024-04-03,12.26,12.88,12.2,12.54,2508000
2024-04-04,12.59,13.1,12.35,13.05,3996000
2024-04-08,12.86,13.2,12.42,12.49,1365500
2024-04-09,12.45,12.5,12.1,12.16,384000
2024-04-15,12.16,12.25,11.5,11.57,1883500
2024-04-16,11.69,11.9,11.36,11.75,3599000
2024-04-17,12,12.4,11.91,12.27,2712000
2024-04-18,12.5,12.85,12.4,12.55,1395000
2024-04-19,12.56,12.65,12,12.52,1023000
2024-04-22,12.5,12.52,12.23,12.3,725500
2024-04-23,12.3,12.75,12.02,12.45,1218000
2024-04-24,12.45,13.19,12.3,12.94,2212000
2024-04-25,13.09,13.25,12.75,12.96,975000
2024-04-26,13,13.96,12.72,13.86,3593500
2024-04-29,14.24,14.9,14.24,14.9,6613000
2024-04-30,15.44,15.45,14.21,14.53,3758500
2024-05-02,14.8,14.9,14.25,14.28,553500
2024-05-03,14.5,14.69,14,14.21,416500
2024-05-06,14.4,14.9,14.15,14.34,1098000
2024-05-07,14.34,14.39,14,14.12,418500
2024-05-08,14.29,14.8,14.12,14.33,885000
2024-05-09,14.21,14.6,14.2,14.42,869000
2024-05-10,14.5,14.5,14.16,14.25,1608500
2024-05-13,14.3,15.15,14.3,14.92,3563377
2024-05-14,14.9,14.9,14.4,14.57,7555268
2024-05-15,14.51,15.49,14.5,14.74,6122901
2024-05-16,14.61,15.09,14.5,14.59,1777488
2024-05-17,14.8,14.8,14.3,14.4,721443
2024-05-20,14.59,14.59,14,14.08,1038500
2024-05-21,14.05,14.82,14.01,14.27,3093494
2024-05-22,14.45,14.49,13.97,13.99,1622840
2024-05-23,14.02,14.2,13.65,13.79,1684447
2024-05-24,13.75,14.09,13.6,13.71,805853
2024-05-27,13.85,13.89,13.52,13.59,843391
2024-05-29,13.6,13.6,13.1,13.25,852019
2024-05-30,13.29,13.75,13.25,13.6,1244731
2024-05-31,13.77,13.77,13.35,13.55,1671661
2024-06-03,13.7,13.7,13.31,13.36,1006456
2024-06-04,13.35,14.09,13.35,13.66,1440605
2024-06-05,13.84,13.84,13.31,13.36,876538
2024-06-06,13.59,13.59,13.1,13.16,274888
2024-06-07,13.3,13.45,12.2,13.28,1507174
2024-06-10,13.1,13.25,13,13.22,334979
2024-06-11,13.59,13.59,13.1,13.2,795828
2024-06-12,13.5,13.5,13,13.22,171289
2024-06-13,13.06,13.73,12.89,13.52,1780811
2024-06-14,13.6,13.75,13.1,13.23,619186
2024-06-20,13.89,13.89,13.11,13.41,642955
2024-06-21,13.4,13.54,13.16,13.32,510385
2024-06-24,13.48,13.48,13.2,13.33,452765
2024-06-25,13.21,13.3,12.96,13.06,626146
2024-06-26,13.09,13.2,12.84,12.91,179070
2024-06-27,12.98,13.1,12.8,12.95,372216
2024-06-28,12.95,13.49,12.82,13.22,447397
2024-07-01,13.35,13.48,13.1,13.13,220766
2024-07-02,13.25,13.3,13.01,13.06,325327
2024-07-03,13.2,13.25,12.94,13.07,725628
2024-07-04,13.1,13.2,12.96,13.02,731508
2024-07-05,13.01,13.09,12.82,12.96,422032
2024-07-08,13.15,13.25,12.92,13.03,448377
2024-07-09,13,13.7,12.9,13.44,3475225
2024-07-10,13.6,13.95,13.4,13.69,1748278
2024-07-11,13.74,13.74,13.25,13.35,770426
2024-07-12,13.35,13.5,12.56,13.41,895529
2024-07-15,13.54,13.7,13.26,13.55,773245
2024-07-18,13.55,13.65,13.4,13.5,497515
2024-07-19,13.43,13.47,13,13.07,784678
2024-07-22,12.95,13.25,12.75,13.17,1004454
2024-07-23,13.2,13.48,13,13,527285
2024-07-24,13.2,13.49,12.9,13.2,806374
2024-07-25,13.35,13.35,13.02,13.05,306586
2024-07-26,13.03,13.15,12.9,12.97,593651
2024-07-29,13.05,13.2,12.81,12.91,704220
2024-07-30,12.9,13.1,12.74,12.9,508679
2024-07-31,12.9,12.95,12.64,12.69,421918
2024-08-01,12.69,12.8,12.36,12.69,256952
2024-08-02,12.69,12.89,12.43,12.72,388671
2024-08-05,12.75,12.75,12.52,12.61,185294
2024-08-06,12.68,12.87,12.4,12.61,279315
2024-08-07,12.65,13.25,12.65,12.81,426061
2024-08-08,12.82,13,12.8,12.9,314922
2024-08-09,12.76,13.94,12.76,13.44,2415651
2024-08-12,13.26,14.68,13.16,14.18,5931368
2024-08-13,14.12,15.6,13.77,15.6,7706160
2024-08-15,16.7,17.16,15.88,16.05,15670370
2024-08-16,16.1,16.9,15.6,15.71,6277151
2024-08-19,15.8,16.2,15.36,15.88,4845531
2024-08-20,15.9,16.9,15.75,16.47,8738945
2024-08-21,16.7,17.68,16.68,16.9,11917400
2024-08-22,16.9,17.24,16.52,17.04,7899381
2024-08-23,16.99,17.47,16.65,16.95,5211218
2024-08-26,16.66,16.85,16.15,16.22,2923751
2024-08-27,16.3,16.7,16.16,16.43,3516712
2024-08-28,16.6,16.68,15.66,15.86,1211767
2024-08-29,16,16.2,15.57,15.62,1145484
2024-08-30,15.65,16,15.5,15.68,1107758
2024-09-02,15.85,15.85,15,15.08,1179261
2024-09-03,15.01,15.48,15.01,15.2,306189
2024-09-04,15.33,15.8,15.33,15.44,767581
2024-09-05,15.45,15.58,15.16,15.23,690325
2024-09-06,15.28,15.39,15.1,15.21,151858
2024-09-09,15.28,16.35,15.28,15.99,3620831
2024-09-10,16,16.54,15.8,15.87,2356088
2024-09-11,15.99,16.31,15.9,15.96,1374013
2024-09-12,16.2,16.2,15.85,15.96,562622
2024-09-13,16.27,16.75,15.85,16.01,5339504
2024-09-16,16.17,16.88,16,16.14,1187549
2024-09-18,16.25,16.6,15.95,16.03,1497903
2024-09-19,16.2,16.25,15.4,15.51,1141790
2024-09-20,15.45,15.9,15.3,15.6,869260
2024-09-23,15.88,15.88,15.4,15.45,447055
2024-09-24,15.46,15.62,15.2,15.28,334249
2024-09-25,15.27,15.59,15.15,15.21,602510
2024-09-26,15.45,15.5,13.69,13.69,4904717
2024-09-27,13.39,13.55,12.56,12.63,6875608
2024-09-30,12.8,13.1,12.5,12.94,5377531
2024-10-01,13.1,13.7,13,13.6,4292197
2024-10-02,13.38,13.88,13.15,13.28,1329728
2024-10-03,13.35,13.5,13.05,13.22,705536
2024-10-04,13.6,13.6,13.1,13.12,2370435
2024-10-07,13.13,13.5,12.95,13.2,994703
2024-10-08,13.5,13.8,13.25,13.5,1716444
2024-10-09,13.8,14.25,13.66,14,2683056
2024-10-10,14,14.4,13.55,13.61,1054435
2024-10-11,13.8,13.8,13.15,13.45,1562028
2024-10-14,13.61,14.18,13.54,13.82,1600717
2024-10-15,13.75,14.05,13.55,13.93,342507
2024-10-16,14,14.29,13.7,14.01,786361
2024-10-17,14.2,14.2,13.5,13.66,731367
2024-10-18,13.66,13.94,13.4,13.59,1183266
2024-10-21,13.59,14.25,13.43,13.99,1369820
2024-10-22,13.99,14.25,13.86,14,1310140
2024-10-23,13.98,14.55,13.86,14.34,1406304
2024-10-24,14.34,14.75,14.04,14.5,1567976
2024-10-25,14.69,14.7,14.1,14.14,550823
2024-10-28,14.39,14.99,14.39,14.61,1576378
2024-10-29,14.78,14.9,14.3,14.45,2439494
2024-10-30,14.61,15.9,14.5,15.9,10852553
2024-10-31,16.4,16.4,15.4,15.58,4604146
2024-11-01,15.8,15.8,15,15.27,1779058
2024-11-04,15.43,15.55,15.01,15.15,2025879
2024-11-05,15.39,15.8,15.2,15.61,1478321
2024-11-06,15.75,15.84,15.43,15.62,1414516
2024-11-07,15.6,16.5,15.5,16.27,4200228
2024-11-08,16.49,16.59,16,16.07,2062436
2024-11-11,16.1,16.18,15.95,16.01,1389419
2024-11-12,15.92,16.1,14.99,15.24,3828739
2024-11-13,15.1,15.55,14.91,15.15,2584288
2024-11-14,15.19,15.5,15.07,15.3,1927455
2024-11-15,15.31,15.6,15.2,15.3,1237925
2024-11-18,15.32,16.4,15.3,15.99,4239487
2024-11-19,16.1,17.17,16.1,16.83,9293266
2024-11-20,16.67,17.15,16.12,16.56,3859542
2024-11-21,16.4,16.68,15.99,16.08,3285610
2024-11-22,16.2,16.32,15.65,15.75,2866444
2024-11-25,15.75,15.85,15.4,15.5,1778820
2024-11-26,15.5,15.8,14.85,15.06,1860962
2024-11-27,15.12,15.67,15,15.37,1241979
2024-11-28,15.5,16.87,15.31,16.4,5975065
2024-11-29,16.21,17.68,16.21,17.16,9994940
2024-12-02,17.49,18.14,17.22,17.98,7867189
2024-12-03,18,18.3,17.01,17.41,4164254
2024-12-04,17.5,17.51,17.08,17.14,1466708
2024-12-05,17.49,18.5,17.05,18.09,6476844
2024-12-06,18.37,18.8,17.6,18.28,6450630
2024-12-09,18.7,19.3,18.3,18.92,9131640
2024-12-10,19.19,19.2,17.03,17.61,7425886
2024-12-11,17.72,18.3,17.72,17.82,2264161
2024-12-12,18.14,19.6,17.56,19.55,16519678
2024-12-13,19.75,21.35,19.52,20.92,17701597
2024-12-16,21.3,22.14,21,21.51,7930626
2024-12-17,22,22.05,19.7,20.08,4206348
2024-12-18,20.4,20.7,19.19,19.43,3789546
2024-12-19,19.11,19.65,17.49,18.12,4151347
2024-12-20,18,18.65,17.82,18.4,1693670
2024-12-23,18.68,19.45,18.5,19.04,2365900
2024-12-24,19.05,19.49,18.8,18.84,542685
2024-12-26,18.58,18.88,18.21,18.46,447622
2024-12-27,18.5,20.31,18.4,20.31,7610522
2024-12-30,21.23,21.7,20.25,21.41,8057049
2024-12-31,21.73,22.54,20.51,21.51,7169507
2025-01-01,21.5,22.88,21.05,22.64,5533662
2025-01-02,22.89,23.8,22.22,23.37,6201320
2025-01-03,23.4,23.75,22.23,23.59,4544019
2025-01-06,24.1,24.95,21.79,24.22,10341799
2025-01-07,24.05,24.9,22.9,23.24,3920897
2025-01-08,23.41,24.2,22.5,22.69,3779312
2025-01-09,22.81,22.81,20.42,20.62,3076495
2025-01-10,20.5,21.68,20,20.84,1269032
2025-01-13,20.91,21.8,20.65,21.43,748078
2025-01-14,21.88,21.88,20.85,21.46,1432851
2025-01-15,21.46,23,21.29,21.42,4530251
2025-01-16,21.57,22.02,21.15,21.37,656196
2025-01-17,21.49,21.7,21,21.39,771684
2025-01-20,21.45,22.1,21.45,21.72,1433018
2025-01-21,21.72,21.72,20.8,21.09,765216
2025-01-22,21.09,21.5,19.35,19.83,1101799
2025-01-23,20.22,20.7,19.51,20.64,1185016
2025-01-24,20.7,21.89,20.7,21.56,2197901
2025-01-27,21.66,21.8,20.51,20.71,477834
2025-01-28,20.95,20.95,19.82,20.03,752819
2025-01-29,20.25,20.51,19.56,19.78,394375
2025-01-30,20.45,20.6,20,20.51,400899
2025-01-31,20.6,20.9,19.81,20.07,213447
2025-02-03,20.07,20.7,19.4,19.66,494649
2025-02-04,19.75,20.2,19.51,19.79,376752
2025-02-06,19.79,19.9,18.75,18.99,989136
2025-02-07,19,19.4,18.89,19.05,231690
2025-02-10,19,19.75,18.76,19.58,309821
2025-02-11,19.95,20.09,19.6,19.84,531485
2025-02-12,19.84,20.15,19.15,19.75,612837
2025-02-13,19.5,20.12,19.5,19.87,118223
2025-02-14,19.63,20.12,19.05,19.47,129212
2025-02-17,19.7,20.23,19.3,20.01,3175269
2025-02-18,20.02,21.06,20.02,20.89,1312842
2025-02-19,20.9,21.1,20.4,20.55,592843
2025-02-20,20.55,20.85,20.2,20.42,555276
2025-02-21,20.4,20.69,19.9,20.06,258825
2025-02-24,20.15,22.07,19.8,22,5525139
2025-02-25,22.8,23.24,21.72,22.09,3355096
2025-02-26,22.02,22.35,21.78,22.03,709584
2025-02-27,22.09,22.2,21.62,21.73,307985
2025-02-28,21.75,22.75,21.75,22.01,1075625
2025-03-03,22.29,22.39,21.62,21.82,523376
2025-03-04,21.99,22,21.62,21.78,135866
2025-03-05,21.99,22.09,21.62,21.69,359093
2025-03-06,21.89,22.5,21.69,21.99,742767
2025-03-07,21.99,22.2,21.11,22,390403
2025-03-10,22.01,22.35,21.52,22.14,420580
2025-03-11,21.83,22.25,21.51,21.72,450565
2025-03-12,21.9,22.3,21.7,21.94,1116583
2025-03-13,21.95,22.21,21.8,21.89,322944
2025-03-14,21.9,22.05,21.7,21.86,349149
2025-03-17,21.95,23.35,21.95,22.98,2701438
2025-03-18,23.06,23.45,22.63,22.97,2009019
2025-03-19,23,25.27,23,25.27,15697229
2025-03-20,26,27.58,25.65,26.62,9606644
2025-03-21,26.7,26.76,25.9,26.1,2073978
2025-03-24,25.5,26.24,25.3,25.39,1582251
2025-03-25,25.4,26.7,25,25.91,1818031
2025-03-26,26.7,26.9,25.56,25.7,870346
2025-03-27,25.71,26.04,24.96,25.35,1675605
2025-04-03,25,26,24.52,25.37,1033583
2025-04-04,25.37,25.89,24.8,24.96,876637
2025-04-07,24.51,24.74,22.46,23.48,3031392
2025-04-08,23.4,24.5,23.4,23.75,941664
2025-04-09,23.74,23.74,23.05,23.28,911287
2025-04-10,24.12,24.7,24,24.54,1369799
2025-04-11,24.78,24.78,23.6,24.28,484510
2025-04-14,24.47,25.4,24.15,24.87,1083173
2025-04-15,25,25.3,24.61,24.71,1243199
2025-04-16,25.2,25.2,24,24.14,1405165
2025-04-17,24.25,24.92,24,24.58,643265
2025-04-18,24.5,24.64,24.15,24.41,404358
2025-04-21,24.51,24.9,24.01,24.58,785115
2025-04-22,24.79,25.2,24.17,24.57,1163206
2025-04-23,24.63,25.57,24.3,24.58,3072739
2025-04-24,24.58,25.8,24.08,25.03,4400120
2025-04-25,25.25,25.83,24.51,25.26,1618307
2025-04-28,25.29,26.43,22.73,22.81,9135494
2025-04-29,23,23.49,22.36,22.49,2949244
2025-04-30,22.48,22.79,20.8,21.44,2633956
2025-05-02,21.81,22.45,21.5,22.1,1362401
2025-05-05,22.17,22.79,21.7,22.51,1357188
2025-05-06,22.6,22.8,22.1,22.29,1402110
2025-05-07,20.51,22,20.12,20.95,2089612
2025-05-08,21.99,22.37,18.86,19.07,3461826
2025-05-09,18.45,19.74,17.7,19.65,3239699
2025-05-12,21.62,21.62,21,21.62,3375616
2025-05-13,22,22,21.13,21.38,1378863
2025-05-14,21.5,21.95,21.17,21.69,1181121
2025-05-15,21.72,22.5,21.7,22.1,1171541
2025-05-16,22.6,23.49,22.09,23.11,3670524
2025-05-19,23.39,24,23.25,23.69,3185090
2025-05-20,23.7,23.92,22.8,23.09,1147391
2025-05-21,23.25,23.4,22.83,23.17,666534
2025-05-22,23.17,23.49,22.95,23.01,619495
2025-05-23,22.8,23.05,22.41,22.66,474976
2025-05-26,22.66,22.8,21.77,21.94,724015
2025-05-27,21.93,22.33,21.5,21.94,700739
2025-05-29,22,22.5,21.7,22.08,1534478
2025-05-30,22.3,22.69,22.02,22.37,735432
2025-06-02,22.6,22.6,21.95,22.1,568151
2025-06-03,22.11,22.29,21.99,22.18,375767
2025-06-04,22.22,22.3,21.85,21.95,966873
2025-06-05,22,22.55,21.5,21.85,2020972
2025-06-10,21.9,22.31,21.9,21.99,559578
2025-06-11,22.39,23.63,22.1,23.24,5168179
2025-06-12,23.24,23.5,22.51,22.61,2488513
2025-06-13,22.01,22.6,21.11,22.14,2152428
2025-06-16,22,24.25,22,23.6,6250533
2025-06-17,24.05,24.84,23.3,23.74,9513955
2025-06-18,23.79,23.99,22.9,22.98,1417125
2025-06-19,22.98,23.49,22.5,22.53,678352
2025-06-20,22.52,22.79,22.2,22.39,911199
2025-06-23,21.9,22,20.95,21.17,1566031
2025-06-24,22.95,23.29,22.09,23.02,3593045
2025-06-25,23.29,23.4,22.7,22.99,1490320
2025-06-26,23.1,23.89,22.75,22.84,2922439
2025-06-27,22.99,23.33,22.55,22.9,1054950
2025-06-30,22.9,24.87,22.9,24.46,12427718
2025-07-01,24.8,26.91,24.55,26.91,18155251
2025-07-02,29.6,29.6,29.01,29.6,4811462
2025-07-03,32.56,32.56,29,32.47,36653993
2025-07-04,32.89,35.4,32,33.24,25392814
2025-07-07,33.6,36.56,32.7,36.32,48084641
2025-07-08,35.75,36.83,34.8,35.25,21823343
2025-07-09,34.8,36.59,33.4,33.82,20162581
2025-07-10,34,34.3,32.42,32.86,5705580
2025-07-11,33.2,34.75,32.75,33.75,15530012
2025-07-14,33.8,34.1,32.32,32.66,4921163
2025-07-15,33.2,34.25,31.9,32.2,10341311
2025-07-16,32.2,33.2,30.65,32.54,8020543
2025-07-17,32.98,33.35,31.96,32.25,4757315
2025-07-18,32.5,32.7,31.51,31.78,1187619
2025-07-21,31.81,32,30.01,30.53,1595464
2025-07-22,30.6,31.25,29.95,30.09,2829544
2025-07-23,30.11,31.09,29.8,30.05,4365408
2025-07-24,30.25,31.7,29.95,30.28,16801979
2025-07-25,30.28,30.35,29.25,29.45,3368453
2025-07-28,29.6,30.15,28.6,28.79,3915397
2025-07-29,28.81,30.69,28,28.58,11966211
2025-07-30,28.8,28.9,28.01,28.12,2724239
2025-07-31,28.64,28.98,28.1,28.14,2307790
2025-08-01,28.3,28.55,27.9,28.3,3063855
2025-08-04,28.5,29.29,27.94,28.83,4723092
2025-08-05,28.83,29,28.11,28.23,2319748
2025-08-06,28.3,28.5,27.85,27.92,3380377
2025-08-07,28.15,28.7,28,28.06,3211760
2025-08-08,28.15,28.29,27.75,27.93,1023342
2025-08-11,28,28.1,27.7,27.81,599295
2025-08-12,27.81,28.05,27.62,27.72,969889
2025-08-13,27.95,28.01,27.6,27.71,758480
2025-08-15,27.82,27.98,27.69,27.87,614814
2025-08-18,27.85,28.7,27.85,28.2,1535476
2025-08-19,28.6,28.6,28.13,28.24,2733909
2025-08-20,28.24,28.55,28.1,28.12,986897
2025-08-21,28.2,28.45,27.3,27.39,3111193
2025-08-22,27.42,27.89,27.35,27.41,940468
2025-08-25,27.55,27.8,27.3,27.46,467821
2025-08-26,27.55,28.9,27.55,27.91,5406960
2025-08-27,28,28.25,27.4,27.51,1801411
2025-08-28,27.51,27.74,27.26,27.43,938814
2025-08-29,27.5,30.17,27.1,30.17,29558953
2025-09-01,30.79,31.41,29.5,29.61,11234895
2025-09-02,29.99,31.7,29.25,31.08,10964062
2025-09-03,31.89,32.46,31.31,31.83,17031227
2025-09-04,31.94,31.94,30.55,30.78,3659307
2025-09-05,30.8,30.92,29.9,30.02,4141672
2025-09-08,30.16,30.29,29.45,29.5,2367989
2025-09-09,29.6,29.79,29,29.16,2408956
2025-09-10,29.1,29.69,28.55,28.99,2244290
2025-09-11,29,29.9,28.9,28.96,4571529
2025-09-12,28.96,29.25,28.11,28.4,7051197
2025-09-15,28.47,28.8,28.02,28.62,1469958
2025-09-16,28.8,28.97,28.24,28.38,1894603
2025-09-17,28.5,28.8,28.22,28.34,1825802
2025-09-18,28.73,28.8,28.34,28.47,1795807
2025-09-19,28.7,29.4,28.45,28.6,4490120
2025-09-22,28.8,29.06,28.33,28.47,2483591
2025-09-23,28.9,28.9,27.5,27.75,4890310
2025-09-24,27.9,28.23,27.8,28.12,1378844
2025-09-25,28.2,28.4,27.82,27.9,1475335
2025-09-26,27.81,28.33,27.59,27.64,3215438
2025-09-29,27.64,30.15,27.51,29.69,10502202
2025-09-30,30,30.38,28.35,28.58,7061804
2025-10-01,28.6,28.9,28.2,28.36,2693670
2025-10-02,28.4,28.5,27.5,28.28,2011234
2025-10-03,28.31,28.7,28,28.42,2373151
2025-10-06,28.42,28.7,27.7,28.15,3344746
2025-10-07,28.77,29,27.14,27.41,6719557
2025-10-08,27.66,28.05,26.41,26.86,5781769
2025-10-09,26.86,27.1,26.4,26.52,3572873
2025-10-10,26.6,26.6,25.9,26.01,4868083
2025-10-13,25.51,26.1,25.25,25.36,2505255
2025-10-14,25.89,26.8,25.78,26.69,2722302
2025-10-15,26.9,26.9,26.2,26.31,1624201
2025-10-16,26.3,26.6,26.2,26.29,1023089
2025-10-17,26.49,26.49,25.98,26.16,1472959
2025-10-20,26.2,26.51,26.02,26.42,2795603
2025-10-21,26,26.1,25.51,25.94,1352229
2025-10-22,25.95,26.1,25.55,25.84,929001
2025-10-23,25.7,26.25,25.31,25.41,2484003
2025-10-24,25.33,25.9,24.63,24.76,1756435
2025-10-27,24.55,24.95,24.08,24.28,1293785
2025-10-28,24.4,24.7,23.85,23.91,1385488
2025-10-29,23.9,24.73,23.9,24.21,2356627
2025-10-30,24.11,24.8,23.24,23.36,1873876
2025-10-31,23.51,24.99,23.51,24.68,2944773
2025-11-03,25,25,24.24,24.48,1483123
2025-11-04,24.47,24.5,24.01,24.18,538747
2025-11-05,24.11,24.29,23.95,24.03,589014
2025-11-06,24.1,24.25,23.7,23.95,448218
2025-11-07,23.95,24.15,23.9,23.94,417300
2025-11-10,24.14,24.14,23.78,23.94,655773
2025-11-11,24.1,24.1,21.81,22.03,5593372
2025-11-12,22.34,22.7,22.1,22.17,965497
2025-11-13,22.21,22.9,21.88,22.52,1071961
2025-11-14,22.7,22.9,22.51,22.71,468465
2025-11-17,23,24.35,22.9,23.7,2869843
2025-11-18,23.82,24.07,23.25,23.42,1107390
2025-11-19,23.5,23.75,23,23.17,495942
2025-11-20,23.17,23.45,22.9,23.01,627612
2025-11-21,23,23.2,22.8,22.86,589909
2025-11-24,22.99,22.99,22.8,22.87,219269
2025-11-25,23,23.05,22.55,22.84,308718
2025-11-26,22.9,22.9,22.46,22.63,567400
2025-11-27,22.63,22.79,22.5,22.75,588859
2025-11-28,22.75,23.6,22.71,22.91,2724594
2025-12-01,23.4,25,23.12,24.6,6171751
2025-12-02,24.9,24.93,23.8,24.4,2103195
2025-12-03,24.4,24.45,23.87,23.96,848634
2025-12-04,23.9,24.17,23.7,23.96,356199
2025-12-05,24.07,24.6,23.99,24.51,945078
2025-12-08,24.8,26.74,24.52,26.08,7944255
2025-12-09,26.5,26.61,25.8,25.94,2394724
2025-12-10,25.95,26,25.6,25.64,933561
2025-12-11,25.65,25.9,23.08,25.62,1603532
2025-12-12,25.5,25.85,25.02,25.38,3594305
2025-12-15,25.6,26,25.4,25.78,2094801
2025-12-16,25.8,25.9,25.49,25.51,2307756
2025-12-17,25.54,25.89,25.45,25.61,786774
2025-12-18,25.59,25.79,25.5,25.61,584743
2025-12-19,25.61,26.3,25.47,26.1,1647550
2025-12-22,26.17,26.44,26.13,26.27,1884969
2025-12-23,26.28,26.44,25.81,26.04,1387258
2025-12-24,26.34,26.34,25.9,25.99,1005960
2025-12-26,25.92,26.25,25.62,25.78,1167324
2025-12-29,25.51,25.75,25.01,25.2,1351330
2025-12-30,25.1,25.64,25.02,25.53,704173
2025-12-31,25.6,25.7,25.2,25.44,408865
2026-01-01,25.6,26.79,25.3,26.52,3312983
2026-01-02,26.6,26.6,26.06,26.28,1042987
2026-01-05,26.28,26.65,26.09,26.24,2054772
2026-01-06,26.24,26.5,25.82,25.99,1164937
2026-01-07,25.86,26.1,25.67,25.82,5682065
2026-01-08,25.99,25.99,25.53,25.62,2006439
2026-01-09,25.7,25.98,25.4,25.65,1369956
2026-01-12,25.52,25.85,25.11,25.34,1564067
2026-01-13,25.3,25.64,25.25,25.51,524578
2026-01-14,25.45,25.75,25.2,25.56,1614027
2026-01-15,25.4,26.44,25.06,26,2621319
2026-01-16,26,26.97,26,26.79,3444336
2026-01-19,26.95,28.45,26.8,27.96,9017109
2026-01-20,28.24,28.24,27.53,28.01,7169598
2026-01-21,28.2,28.2,27.07,27.39,8316016
2026-01-22,27.14,27.65,26.51,27.02,1204500
2026-01-23,26.8,27.2,26.12,26.44,1664275
2026-01-26,26.3,26.43,25.92,26.02,1919820
2026-01-27,26.3,26.3,25.35,25.51,942283
2026-01-28,25.74,25.74,25,25.33,980744
2026-01-29,25.4,25.4,24.82,25.01,677491
2026-01-30,25,26.25,24,24.38,3119392
2026-02-02,24.94,24.94,24,24.06,948554
2026-02-03,24.1,24.56,24,24.2,1241741
2026-02-04,24.32,25.6,24.3,25.23,2437577
2026-02-06,25.48,26.7,25.48,26.46,5268478
2026-02-09,26.73,27.53,26.21,26.5,3504397
2026-02-10,26.77,27,25.25,25.56,1181797
2026-02-11,25.56,25.89,25,25.14,722417
2026-02-12,25.14,25.49,24.27,24.79,1347889
2026-02-13,24.61,24.9,24.25,24.37,776711
2026-02-16,24.37,25.05,24,24.21,1074637
2026-02-17,24.1,24.5,23.9,24.05,640995
2026-02-18,24.4,24.45,24.1,24.37,270049
2026-02-19,24.37,24.74,23.01,23.17,362912
2026-02-20,23.21,23.6,21.11,23.1,276620
2026-02-23,22.58,24,22.58,22.69,240424
2026-02-24,23,23.99,21.5,22.36,301460
2026-02-25,23.89,23.89,22.36,22.47,136991
2026-02-26,22.41,24,22,23.39,712692
2026-02-27,23.11,23.6,22.6,23.04,520305
2026-03-02,21.26,21.65,20.74,20.75,895319
2026-03-03,20,21.4,19.26,21.32,379911
2026-03-04,21.35,21.8,20.85,21.2,439840
2026-03-05,21.3,22.39,20.91,22.14,779070
2026-03-06,22.14,22.14,20.91,21.56,348882
2026-03-09,20.07,20.08,19.4,19.45,461384
2026-03-10,21.4,21.4,20.35,21.32,937844
2026-03-11,21.32,22,20.9,21,369338
2026-03-12,20.9,21.19,19.9,20.05,314310
2026-03-13,20.06,20.99,20.05,20.41,78338
2026-03-16,20.41,20.55,20.1,20.23,179667
2026-03-17,20.5,20.6,20.03,20.57,147022
2026-03-18,20.57,21.25,20.21,21.16,170500
2026-03-19,21.1,21.25,20.5,21.01,170708
2026-03-24,21.05,21.52,20.75,20.9,101851
2026-03-25,20.9,21.95,20.9,21.43,325774
2026-03-26,21.43,21.43,20.81,20.89,136446
2026-03-27,20.89,21.14,19.5,20.71,258312
2026-03-30,20.71,21.22,19.2,19.58,233509
2026-03-31,19.93,20.47,19.7,20.02,145737
2026-04-01,20.15,21.5,19,20.69,375648
2026-04-02,20.48,20.48,20,20.17,226748
2026-04-03,20,20.45,19.87,20.02,216006
2026-04-06,20.02,20.75,19.5,20.27,660765
2026-04-07,20,20.27,20,20.13,84247
2026-04-08,21.5,22.14,21.15,22.14,1329601
2026-04-09,22.59,22.59,21.72,21.98,847125
2026-04-10,22,23.74,22,23.65,1745408
2026-04-13,22.01,23.06,22,22.97,870988
2026-04-14,23.01,24.04,23.01,23.42,886664
2026-04-15,23.9,25,23.32,24.1,877097
2026-04-16,24.1,24.4,23.63,23.8,470306
2026-04-17,23.81,24.25,23.7,24.11,887264
2026-04-20,23.11,23.99,22.52,23.04,865076
2026-04-21,23.06,24.34,23.06,23.5,1116484
2026-04-22,23.75,23.75,23.08,23.44,370177
2026-04-23,23.25,23.45,23.12,23.35,434720
2026-04-24,23.24,23.79,22.9,23.64,2189105
2026-04-27,23.31,23.85,23.31,23.54,429534
2026-04-28,23.05,23.79,23.05,23.58,3907733
2026-04-29,23.59,25.75,23.59,24.55,7378100
2026-04-30,23.99,23.99,22.54,22.9,1176221
2026-05-04,23.89,23.89,23.06,23.27,1898383
2026-05-05,22.94,23.4,22.94,23.33,1019891
2026-05-06,23.5,24.04,23.2,23.94,774080
2026-05-07,24.2,24.35,23.62,24.01,925446
2026-05-08,23.9,24.89,23.51,24.13,3133372
2026-05-11,24.19,25.5,23.9,24.89,1593622
2026-05-12,25.1,25.89,24.2,24.57,2296976
2026-05-13,24.5,24.85,24,24.1,411090
2026-05-14,24.25,24.48,24.05,24.12,213428
2026-05-15,24.05,24.5,24.01,24.32,215941
2026-05-18,24,24.49,23.7,23.86,694874
2026-05-19,23.9,24.34,23.86,23.92,202269
2026-05-20,23.8,24.1,23.75,23.99,132302
2026-05-21,24.01,24.33,23.81,24.03,473010
2026-05-22,24,24.25,23.8,24.14,281849
2026-05-25,24.2,24.85,24.2,24.76,538368
2026-05-29,24.8,25.1,24.41,24.77,456478
2026-06-01,24.7,25,24.51,24.7,342098
2026-06-02,24.4,24.9,24.05,24.65,280326
2026-06-03,24.5,24.8,24.5,24.65,642995
2026-06-04,24.21,24.89,24.21,24.65,338449
2026-06-05,24.65,25.3,24.6,25,528330
2026-06-08,25,25.3,24.6,25.15,240241
2026-06-09,25.3,25.39,25,25.03,482829
2026-06-10,24.99,25.5,24.7,25.33,1221846
2026-06-11,25.28,25.45,25.01,25.24,315841
2026-06-12,25.06,25.58,25,25.12,339060
2026-06-15,25.84,25.84,25.02,25.45,630978
2026-06-16,25.55,25.9,25.2,25.62,642969
2026-06-17,25.53,27.1,25.53,26.76,1741179
2026-06-18,26.82,28.05,26.82,27.49,3871380
2026-06-19,27.99,27.99,26.1,26.2,828151
2026-06-22,26.2,26.6,26.02,26.1,1192795
2026-06-23,26.34,26.34,25.53,25.84,446211
2026-06-24,26.4,26.4,25.95,26.01,239068
2026-06-29,25.75,26.2,25.55,25.75,345341
2026-06-30,25.9,26.3,25.7,25.96,272471
2026-07-01,25.96,26.27,25.96,26.04,234895
2026-07-02,26.01,27.14,26.01,26.88,1698171
2026-07-03,26.88,26.93,26.6,26.89,360377
2026-07-06,26.8,26.94,26.56,26.76,539273
2026-07-07,26.76,26.88,26.51,26.64,334602
2026-07-08,26.42,26.58,25.75,26.11,804101
2026-07-09,25.8,26.35,25.8,26.05,185676
2026-07-10,26.47,26.89,26,26.41,1395663
2026-07-13,26,26.41,25.75,26.34,322137
2026-07-14,25.75,26.27,25.1,25.26,1069481
2026-07-15,25.1,26,25.1,25.77,525815
2026-07-16,25.6,26.7,25.6,26.57,1136472
2026-07-17,26.79,27.4,26.39,26.6,657908
2026-07-20,26.6,26.95,26.11,26.7,546173
2026-07-21,26.7,26.98,26.3,26.62,238872
2026-07-22,26.6,26.8,26.06,26.31,563071
2026-07-23,26.31,26.61,26.12,26.19,880759
2026-07-24,26,26.62,26,26.29,447923
2026-07-27,26.29,26.99,26.29,26.73,611731
2026-07-28,26.73,26.75,26.4,26.6,316507
2026-07-29,26.5,26.87,26.31,26.64,325300
2026-07-30,26.7,27.39,26.4,27.01,822672
2026-07-31,27.25,27.82,26.53,27.2,1643192
2026-08-03,27.01,27.5,26.71,26.84,751564
2026-08-04,26.7,27.07,26.67,26.9,373854
2026-08-05,26.82,27.04,26.75,26.9,127167
2026-08-06,27.04,27.39,26.8,27.24,337819
2026-08-07,27.3,27.35,26.9,26.94,406931
2026-08-10,27.09,27.6,26.65,27.39,936665
2026-08-11,27.49,27.6,26.86,27.17,398918
2026-08-12,27.03,27.75,27,27.33,1097421
2026-08-13,27.74,27.74,27.05,27.13,343758
2026-08-17,26.96,27.3,26.91,27.06,248164
2026-08-18,27,27.5,26.65,27.17,533382
2026-08-19,27.17,27.49,26.82,26.94,395657
2026-08-20,27,27,26.3,26.43,478949
2026-08-21,26.89,26.95,26.27,26.75,398097
2026-08-24,26.74,26.74,26.01,26.12,217401
2026-08-25,26.15,26.6,25.65,26.25,274842
2026-08-27,26.5,26.5,26.2,26.31,104941
2026-08-28,26.11,26.89,26.1,26.47,216902
2026-08-31,25.99,26.45,25.99,26.1,288577
2026-09-01,26.1,26.43,25.96,26.33,432486
2026-09-02,26.24,26.5,26.01,26.27,456508
2026-09-03,26.06,26.65,26,26.3,114264
2026-09-04,26.11,26.49,26.11,26.4,131573
